Index;Iact (mA);Ides (mA);Wact (rpm);Tact (ms)
1;556;2000;1424;12
2;1832;2000;1418;23
3;1946;2000;1419;35
4;2078;2000;1417;47
5;2182;2000;1403;58
6;2111;2000;1379;70
7;2023;2000;1363;82
8;1915;2000;1355;93
9;1963;2000;1356;106
10;1905;2000;1363;117
11;2012;2000;1366;129
12;2116;2000;1357;141
13;2145;2000;1339;153
14;2006;2000;1322;165
15;1894;2000;1315;178
16;1926;2000;1318;189
17;1972;2000;1324;201
18;2031;2000;1325;214
19;2168;2000;1313;225
20;2106;2000;1293;237
21;1995;2000;1281;248
22;1933;2000;1278;260
23;1933;2000;1282;272
24;1966;2000;1289;284
25;2044;2000;1290;296
26;2130;2000;1278;307
27;2074;2000;1259;319
28;1956;2000;1247;331
29;1929;2000;1242;343
30;1946;2000;1246;354
31;1916;2000;1252;366
32;2040;2000;1255;378
33;2168;2000;1242;390
34;2100;2000;1224;402
35;1944;2000;1210;414
36;1892;2000;1207;426
37;1919;2000;1211;438
38;1999;2000;1217;449
39;2120;2000;1218;461
40;2146;2000;1204;473
41;2056;2000;1185;485
42;1929;2000;1175;498
43;1937;2000;1176;509
44;1924;2000;1182;521
45;2039;2000;1186;534
46;2106;2000;1180;545
47;2101;2000;1154;558
48;1926;2000;1144;576
49;1939;2000;1143;588
50;1904;2000;1149;600
51;1998;2000;1155;612
52;2117;2000;1151;624
53;2119;2000;1140;635
54;2038;2000;1124;646
55;1928;2000;1115;657
56;1937;2000;1116;668
57;1945;2000;1121;679
58;2006;2000;1123;690
59;2073;2000;1119;701
60;2096;2000;1107;712
61;2036;2000;1095;723
62;1967;2000;1087;734
63;1957;2000;1085;746
64;1974;2000;1088;757
65;2028;2000;1089;768
66;2085;2000;1086;779
67;2052;2000;1078;790
68;2020;2000;1069;801
69;1992;2000;1062;812
70;1939;2000;1061;823
71;1987;2000;1062;834
72;1992;2000;1061;845
73;2077;2000;1056;856
74;2049;2000;1047;867
75;2021;2000;1038;879
76;1954;2000;1034;890
77;2019;2000;1033;901
78;1975;2000;1032;913
79;2071;2000;1028;924
80;2030;2000;1022;935
81;2027;2000;1015;946
82;2013;2000;1009;957
83;1946;2000;1006;969
84;2010;2000;1004;980
85;2032;2000;1001;991
86;2035;2000;997;1002
87;2000;2000;992;1013
88;2034;2000;987;1024
89;2004;2000;982;1035
90;1968;2000;979;1046
91;1972;2000;977;1057
92;1984;2000;974;1069
93;2004;2000;968;1080
94;2012;2000;965;1091
95;2019;2000;959;1102
96;2026;2000;954;1113
97;1984;2000;950;1125
98;2013;2000;947;1136
99;2013;2000;945;1146
100;2037;2000;943;1158
101;2059;2000;937;1169
102;2054;2000;933;1180
103;1988;2000;927;1191
104;2003;2000;924;1202
105;1997;2000;920;1213
106;2012;2000;916;1224
107;1995;2000;912;1235
108;2042;2000;908;1246
109;2017;2000;903;1257
110;2017;2000;900;1268
111;1997;2000;896;1280
112;2020;2000;893;1291
113;2008;2000;889;1302
114;2010;2000;886;1313
115;2048;2000;882;1324
116;2047;2000;879;1336
117;2033;2000;874;1347
118;1983;2000;870;1359
119;2018;2000;866;1370
120;1990;2000;864;1382
121;2021;2000;860;1393
122;2014;2000;857;1406
123;2044;2000;852;1419
124;2002;2000;847;1431
125;2042;2000;840;1444
126;1986;2000;836;1456
127;1983;2000;835;1469
128;2006;2000;835;1481
129;2022;2000;832;1493
130;2078;2000;825;1505
131;1995;2000;819;1517
132;1957;2000;814;1529
133;1954;2000;813;1540
134;2040;2000;813;1552
135;2055;2000;807;1563
136;2011;2000;801;1577
137;1984;2000;794;1588
138;1992;2000;791;1600
139;1979;2000;789;1612
140;1979;2000;789;1623
141;2008;2000;786;1637
142;2045;2000;780;1648
143;2000;2000;775;1660
144;1962;2000;771;1673
145;1995;2000;768;1685
146;2024;2000;765;1697
147;2027;2000;761;1709
148;2039;2000;755;1721
149;2002;2000;752;1734
150;2001;2000;749;1746
151;2003;2000;748;1758
152;2007;2000;746;1770
153;2033;2000;741;1783
154;2027;2000;736;1795
155;1980;2000;732;1808
156;2003;2000;729;1820
157;2017;2000;726;1834
158;2009;2000;723;1846
159;2017;2000;719;1858
160;2007;2000;717;1870
161;1997;2000;713;1882
162;2006;2000;710;1895
163;1971;2000;708;1907
164;2007;2000;704;1918
165;1992;2000;701;1930
166;2019;2000;698;1942
167;2007;2000;695;1954
168;2021;2000;690;1967
169;1979;2000;686;1980
170;2046;2000;683;1993
171;1982;2000;679;2005
172;2008;2000;677;2017
173;1998;2000;675;2027
174;2021;2000;674;2038
175;2015;2000;670;2050
176;2023;2000;667;2061
177;2017;2000;664;2071
178;2013;2000;660;2083
179;2007;2000;657;2094
180;2010;2000;656;2106
181;2020;2000;653;2117
182;2012;2000;650;2128
183;2007;2000;647;2139
184;2016;2000;642;2151
185;1999;2000;641;2162
186;2000;2000;638;2173
187;2032;2000;635;2185
188;1994;2000;633;2196
189;2001;2000;630;2207
190;2011;2000;626;2218
191;2006;2000;624;2229
192;2000;2000;622;2240
193;1989;2000;619;2251
194;2030;2000;618;2262
195;2015;2000;616;2273
196;2029;2000;611;2284
197;2003;2000;608;2296
198;1993;2000;604;2307
199;2001;2000;602;2318
200;2001;2000;600;2329
201;1995;2000;598;2341
202;1991;2000;594;2351
203;1992;2000;592;2363
204;2017;2000;589;2374
205;2005;2000;585;2385
206;2002;2000;584;2397
207;2025;2000;582;2408
208;2031;2000;579;2419
209;1987;2000;575;2430
210;2010;2000;572;2441
211;1991;2000;569;2452
212;1988;2000;569;2463
213;2014;2000;567;2474
214;2031;2000;565;2486
215;2002;2000;561;2497
216;2001;2000;558;2507
217;2003;2000;555;2519
218;1999;2000;553;2530
219;2013;2000;552;2541
220;2032;2000;550;2552
221;2036;2000;546;2563
222;2033;2000;542;2574
223;1980;2000;539;2585
224;2004;2000;538;2596
225;1991;2000;536;2607
226;2030;2000;535;2618
227;2000;2000;533;2629
228;1998;2000;528;2640
229;2018;2000;525;2652
230;1993;2000;523;2662
231;2002;2000;520;2674
232;2029;2000;520;2685
233;2012;2000;518;2696
234;1984;2000;515;2707
235;1981;2000;511;2718
236;1976;2000;508;2729
237;2001;2000;506;2741
238;1993;2000;505;2752
239;2018;2000;504;2762
240;2026;2000;502;2774
241;2031;2000;498;2785
242;2042;2000;494;2796
243;1964;2000;491;2807
244;1969;2000;489;2818
245;1967;2000;488;2829
246;1996;2000;486;2840
247;2018;2000;484;2851
248;2051;2000;481;2862
249;2019;2000;479;2873
250;2001;2000;475;2884
251;2014;2000;474;2896
252;2007;2000;473;2907
253;2005;2000;471;2918
254;1991;2000;468;2929
255;1982;2000;465;2941
256;1976;2000;463;2953
257;2025;2000;460;2966
258;2006;2000;459;2977
259;2025;2000;456;2990
260;2017;2000;452;3002
261;2016;2000;448;3014
262;1992;2000;447;3026
263;1998;2000;448;3039
264;1989;2000;447;3050
265;2007;2000;444;3063
266;2011;2000;441;3074
267;1985;2000;437;3086
268;1989;2000;436;3098
269;2053;2000;434;3110
270;2017;2000;434;3122
271;2014;2000;432;3134
272;2034;2000;428;3145
273;1995;2000;425;3158
274;1972;2000;423;3169
275;1975;2000;421;3181
276;2009;2000;420;3194
277;2031;2000;419;3205
278;1995;2000;417;3217
279;1990;2000;413;3229
280;2006;2000;411;3241
281;1989;2000;408;3253
282;2042;2000;407;3265
283;2011;2000;407;3277
284;1997;2000;405;3289
285;2017;2000;400;3301
286;2013;2000;398;3313
287;1978;2000;397;3325
288;2009;2000;397;3337
289;1993;2000;395;3349
290;1996;2000;395;3361
291;1991;2000;392;3372
292;2009;2000;389;3384
293;1990;2000;386;3396
294;1977;2000;385;3409
295;2014;2000;384;3421
296;2009;2000;383;3433
297;2013;2000;381;3446
298;2061;2000;377;3457
299;1979;2000;375;3469
300;1978;2000;374;3481
301;2000;2000;371;3493
302;2013;2000;369;3504
303;2034;2000;368;3517
304;1985;2000;365;3528
305;1986;2000;363;3540
306;2001;2000;363;3553
307;1988;2000;361;3564
308;2011;2000;359;3576
309;2020;2000;357;3588
310;2003;2000;354;3600
311;1994;2000;353;3612
312;1998;2000;351;3623
313;1996;2000;351;3636
314;2018;2000;348;3647
315;2006;2000;346;3659
316;2003;2000;343;3671
317;1975;2000;341;3683
318;1996;2000;342;3695
319;2002;2000;340;3707
320;2031;2000;338;3719
321;1992;2000;336;3731
322;2001;2000;332;3743
323;1982;2000;332;3755
324;1977;2000;331;3767
325;2053;2000;331;3779
326;2008;2000;329;3790
327;2048;2000;326;3804
328;1979;2000;325;3816
329;1986;2000;323;3828
330;1977;2000;323;3840
331;1991;2000;323;3851
332;2055;2000;321;3863
333;2023;2000;319;3875
334;2007;2000;317;3887
335;2006;2000;316;3899
336;1999;2000;314;3911
337;2013;2000;313;3923
338;1991;2000;312;3935
339;2016;2000;310;3947
340;1997;2000;308;3959
341;1985;2000;308;3971
342;2002;2000;307;3982
343;2018;2000;306;3994
344;2017;2000;305;4006
345;1995;2000;303;4018
346;2013;2000;302;4030
347;2004;2000;300;4041
348;2009;2000;299;4055
349;2023;2000;297;4067
350;2012;2000;296;4078
351;1963;2000;294;4090
352;1992;2000;294;4102
353;2014;2000;293;4114
354;2016;2000;291;4126
355;1966;2000;289;4138
356;2008;2000;288;4149
357;2014;2000;287;4161
358;2004;2000;285;4173
359;1973;2000;284;4185
360;1983;2000;284;4197
361;2007;2000;283;4209
362;2019;2000;282;4221
363;2010;2000;281;4233
364;1999;2000;279;4244
365;1988;2000;279;4258
366;2002;2000;277;4269
367;2023;2000;277;4281
368;1978;2000;276;4293
369;2008;2000;276;4306
370;2040;2000;275;4318
371;2021;2000;273;4330
372;2023;2000;270;4341
373;1999;2000;269;4354
374;1983;2000;270;4365
375;2010;2000;269;4377
376;2026;2000;268;4389
377;2013;2000;265;4401
378;2046;2000;262;4414
379;1986;2000;262;4426
380;1958;2000;262;4437
381;1990;2000;261;4450
382;1993;2000;261;4461
383;2005;2000;260;4473
384;2023;2000;259;4485
385;2019;2000;257;4497
386;2044;2000;256;4509
387;2007;2000;256;4521
388;1989;2000;255;4532
389;1991;2000;255;4545
390;2001;2000;254;4558
391;1994;2000;252;4569
392;2005;2000;250;4582
393;1993;2000;250;4593
394;2003;2000;249;4605
395;2005;2000;249;4617
396;2009;2000;248;4629
397;1988;2000;247;4641
398;2018;2000;244;4653
399;1986;2000;243;4665
400;1974;2000;244;4677
401;1964;2000;243;4689
402;1987;2000;242;4701
403;2000;2000;240;4713
404;1991;2000;240;4725
405;1992;2000;238;4737
406;1985;2000;238;4749
407;1990;2000;238;4761
408;1973;2000;237;4773
409;1987;2000;236;4785
410;2033;2000;235;4797
411;1983;2000;234;4809
412;2031;2000;232;4821
413;1996;2000;230;4833
414;1997;2000;230;4845
415;2002;2000;228;4857
416;2010;2000;228;4870
417;2016;2000;227;4881
418;2026;2000;225;4894
419;2020;2000;223;4906
420;1984;2000;222;4917
421;1983;2000;221;4929
422;1993;2000;221;4941
423;2018;2000;219;4953
424;1980;2000;218;4965
425;1986;2000;215;4977
426;1972;2000;215;4989
427;1981;2000;214;5001
1;849;2200;162;13
2;2073;2200;158;25
3;2181;2200;161;37
4;2315;2200;157;49
5;2277;2200;146;61
6;2158;2200;133;73
7;2105;2200;130;85
8;2092;2200;135;97
9;2181;2200;145;109
10;2269;2200;150;122
11;2235;2200;147;133
12;2176;2200;140;146
13;2114;2200;137;157
14;2140;2200;142;169
15;2164;2200;150;181
16;2239;2200;155;193
17;2227;2200;154;204
18;2182;2200;150;217
19;2170;2200;149;228
20;2125;2200;152;240
21;2196;2200;158;252
22;2220;2200;162;264
23;2206;2200;161;276
24;2188;2200;159;287
25;2159;2200;159;299
26;2145;2200;161;311
27;2183;2200;167;324
28;2223;2200;169;336
29;2225;2200;168;348
30;2210;2200;166;360
31;2137;2200;166;373
32;2162;2200;170;384
33;2199;2200;174;396
34;2216;2200;175;408
35;2188;2200;176;420
36;2186;2200;173;431
37;2197;2200;173;443
38;2162;2200;175;455
39;2152;2200;178;467
40;2211;2200;181;478
41;2209;2200;182;490
42;2247;2200;183;503
43;2198;2200;183;514
44;2184;2200;184;527
45;2157;2200;184;539
46;2222;2200;187;551
47;2182;2200;189;563
48;2192;2200;191;575
49;2184;2200;191;587
50;2179;2200;191;599
51;2158;2200;191;611
52;2144;2200;193;623
53;2161;2200;195;637
54;2202;2200;198;649
55;2205;2200;200;661
56;2205;2200;200;673
57;2176;2200;199;684
58;2173;2200;199;696
59;2177;2200;200;708
60;2126;2200;203;720
61;2159;2200;208;732
62;2220;2200;208;744
63;2206;2200;207;762
64;2178;2200;206;774
65;2121;2200;207;785
66;2137;2200;212;797
67;2192;2200;215;809
68;2213;2200;216;820
69;2218;2200;212;832
70;2181;2200;211;844
71;2154;2200;212;856
72;2184;2200;217;868
73;2201;2200;221;879
74;2241;2200;222;891
75;2224;2200;219;903
76;2165;2200;217;915
77;2124;2200;216;927
78;2137;2200;221;939
79;2179;2200;226;951
80;2225;2200;227;963
81;2221;2200;224;974
82;2166;2200;221;986
83;2144;2200;222;998
84;2157;2200;227;1011
85;2249;2200;231;1023
86;2224;2200;232;1036
87;2203;2200;228;1048
88;2168;2200;227;1062
89;2157;2200;229;1074
90;2175;2200;234;1086
91;2218;2200;235;1097
92;2235;2200;234;1109
93;2189;2200;232;1121
94;2184;2200;232;1132
95;2173;2200;233;1143
96;2201;2200;237;1154
97;2208;2200;238;1165
98;2230;2200;239;1176
99;2185;2200;237;1188
100;2206;2200;236;1199
101;2227;2200;237;1210
102;2178;2200;239;1221
103;2196;2200;240;1232
104;2194;2200;241;1244
105;2212;2200;243;1255
106;2206;2200;242;1266
107;2209;2200;243;1277
108;2202;2200;244;1288
109;2208;2200;243;1299
110;2198;2200;244;1311
111;2202;2200;245;1322
112;2196;2200;247;1333
113;2210;2200;247;1345
114;2219;2200;246;1356
115;2212;2200;246;1370
116;2229;2200;247;1381
117;2192;2200;249;1392
118;2192;2200;251;1403
119;2215;2200;251;1414
120;2191;2200;250;1425
121;2188;2200;249;1436
122;2161;2200;250;1447
123;2178;2200;253;1458
124;2176;2200;254;1469
125;2186;2200;254;1480
126;2168;2200;252;1492
127;2177;2200;252;1503
128;2148;2200;252;1514
129;2176;2200;253;1525
130;2190;2200;255;1536
131;2176;2200;255;1547
132;2203;2200;255;1558
133;2190;2200;255;1569
134;2179;2200;255;1580
135;2175;2200;256;1591
136;2181;2200;255;1602
137;2207;2200;257;1613
138;2234;2200;256;1624
139;2209;2200;257;1636
140;2227;2200;256;1649
141;2172;2200;256;1660
142;2179;2200;257;1672
143;2151;2200;258;1683
144;2181;2200;259;1694
145;2212;2200;258;1705
146;2144;2200;257;1716
147;2165;2200;256;1727
148;2180;2200;258;1738
149;2195;2200;259;1749
150;2197;2200;260;1760
151;2191;2200;259;1771
152;2200;2200;258;1782
153;2180;2200;259;1794
154;2181;2200;260;1806
155;2268;2200;260;1817
156;2191;2200;260;1829
157;2177;2200;260;1841
158;2171;2200;260;1853
159;2179;2200;262;1865
160;2185;2200;262;1877
161;2209;2200;262;1889
162;2234;2200;262;1901
163;2168;2200;262;1913
164;2165;2200;262;1924
165;2184;2200;263;1936
166;2185;2200;264;1948
167;2188;2200;265;1960
168;2189;2200;264;1972
169;2259;2200;264;1983
170;2178;2200;265;1995
171;2183;2200;264;2007
172;2194;2200;265;2019
173;2194;2200;266;2031
174;2205;2200;266;2043
175;2189;2200;265;2054
176;2188;2200;266;2066
177;2147;2200;266;2078
178;2186;2200;267;2090
179;2191;2200;268;2102
180;2216;2200;268;2114
181;2177;2200;268;2126
182;2171;2200;268;2138
183;2185;2200;270;2150
184;2202;2200;271;2164
185;2174;2200;271;2177
186;2167;2200;272;2189
187;2186;2200;271;2201
188;2182;2200;271;2212
189;2179;2200;272;2223
190;2200;2200;273;2234
191;2208;2200;273;2245
192;2222;2200;274;2257
193;2211;2200;272;2268
194;2162;2200;272;2279
195;2187;2200;274;2290
196;2186;2200;275;2301
197;2186;2200;276;2312
198;2206;2200;275;2323
199;2201;2200;276;2334
200;2194;2200;276;2345
201;2184;2200;277;2357
202;2175;2200;277;2368
203;2192;2200;276;2379
204;2183;2200;277;2390
205;2167;2200;278;2401
206;2205;2200;278;2412
207;2197;2200;279;2423
208;2231;2200;280;2434
209;2182;2200;280;2445
210;2161;2200;281;2456
211;2167;2200;281;2467
212;2182;2200;281;2478
213;2205;2200;281;2489
214;2180;2200;282;2500
215;2252;2200;282;2512
216;2192;2200;282;2523
217;2199;2200;282;2534
218;2182;2200;283;2545
219;2190;2200;282;2556
220;2202;2200;283;2567
221;2195;2200;284;2578
222;2186;2200;283;2589
223;2168;2200;284;2600
224;2189;2200;284;2611
225;2198;2200;285;2622
226;2261;2200;284;2633
227;2192;2200;285;2645
228;2196;2200;285;2656
229;2159;2200;286;2667
230;2166;2200;287;2678
231;2197;2200;287;2689
232;2202;2200;287;2701
233;2181;2200;286;2711
234;2238;2200;286;2722
235;2166;2200;287;2734
236;2179;2200;288;2745
237;2179;2200;290;2756
238;2197;2200;290;2767
239;2208;2200;289;2778
240;2204;2200;289;2789
241;2147;2200;288;2800
242;2152;2200;289;2811
243;2187;2200;291;2822
244;2203;2200;291;2833
245;2250;2200;292;2844
246;2174;2200;292;2855
247;2160;2200;291;2867
248;2184;2200;291;2878
249;2212;2200;292;2889
250;2225;2200;291;2901
251;2168;2200;291;2913
252;2190;2200;292;2925
253;2190;2200;291;2936
254;2165;2200;292;2949
255;2184;2200;293;2961
256;2179;2200;293;2973
257;2182;2200;293;2985
258;2185;2200;293;2998
259;2177;2200;292;3009
260;2171;2200;293;3022
261;2169;2200;294;3034
262;2194;2200;293;3047
263;2186;2200;293;3060
264;2173;2200;292;3072
265;2186;2200;292;3085
266;2209;2200;294;3096
267;2180;2200;294;3108
268;2198;2200;294;3119
269;2222;2200;294;3131
270;2186;2200;293;3142
271;2156;2200;294;3154
272;2187;2200;296;3165
273;2187;2200;295;3177
274;2210;2200;294;3188
275;2184;2200;294;3200
276;2180;2200;294;3212
277;2199;2200;295;3223
278;2194;2200;296;3234
279;2169;2200;295;3247
280;2187;2200;295;3258
281;2182;2200;294;3270
282;2169;2200;295;3281
283;2172;2200;296;3295
284;2214;2200;297;3307
285;2223;2200;296;3318
286;2174;2200;297;3330
287;2177;2200;296;3345
288;2167;2200;297;3356
289;2197;2200;299;3368
290;2246;2200;298;3379
291;2192;2200;297;3391
292;2171;2200;298;3402
293;2173;2200;298;3414
294;2192;2200;300;3425
295;2204;2200;301;3437
296;2173;2200;301;3448
297;2189;2200;301;3459
298;2181;2200;299;3471
299;2195;2200;301;3482
300;2163;2200;302;3495
301;2172;2200;304;3506
302;2280;2200;304;3518
303;2190;2200;304;3532
304;2186;2200;302;3543
305;2168;2200;303;3555
306;2154;2200;306;3567
307;2240;2200;306;3578
308;2204;2200;306;3590
309;2181;2200;307;3601
310;2183;2200;306;3611
311;2186;2200;306;3623
312;2180;2200;308;3633
313;2156;2200;309;3644
314;2172;2200;310;3656
315;2199;2200;310;3667
316;2188;2200;309;3678
317;2189;2200;309;3690
318;2173;2200;309;3701
319;2198;2200;310;3712
320;2211;2200;311;3723
321;2208;2200;310;3734
322;2179;2200;311;3745
323;2190;2200;310;3756
324;2175;2200;311;3767
325;2177;2200;312;3778
326;2181;2200;313;3789
327;2232;2200;313;3800
328;2192;2200;314;3812
329;2193;2200;313;3823
330;2188;2200;312;3834
331;2181;2200;313;3845
332;2187;2200;315;3857
333;2219;2200;316;3868
334;2213;2200;316;3879
335;2185;2200;316;3890
336;2194;2200;315;3902
337;2209;2200;316;3913
338;2183;2200;317;3925
339;2191;2200;319;3936
340;2220;2200;320;3947
341;2215;2200;318;3959
342;2201;2200;317;3971
343;2197;2200;318;3982
344;2172;2200;319;3993
345;2200;2200;320;4005
346;2190;2200;321;4017
347;2194;2200;319;4028
348;2185;2200;319;4040
349;2163;2200;319;4052
350;2184;2200;320;4063
351;2197;2200;321;4075
352;2193;2200;321;4086
353;2234;2200;320;4098
354;2217;2200;318;4109
355;2174;2200;318;4120
356;2154;2200;318;4132
357;2198;2200;319;4143
358;2222;2200;321;4155
359;2193;2200;322;4167
360;2197;2200;321;4178
361;2192;2200;320;4190
362;2191;2200;320;4202
363;2161;2200;319;4213
364;2153;2200;321;4224
365;2190;2200;323;4236
366;2192;2200;323;4247
367;2177;2200;322;4258
368;2185;2200;321;4270
369;2153;2200;321;4281
370;2182;2200;323;4293
371;2198;2200;322;4304
372;2185;2200;322;4316
373;2190;2200;323;4327
374;2230;2200;320;4338
375;2177;2200;321;4351
376;2193;2200;322;4362
377;2195;2200;323;4374
378;2196;2200;322;4386
379;2198;2200;320;4397
380;2152;2200;319;4409
381;2176;2200;320;4420
382;2191;2200;321;4431
383;2168;2200;322;4443
384;2196;2200;322;4454
385;2208;2200;321;4466
386;2190;2200;321;4478
387;2192;2200;321;4489
388;2228;2200;322;4500
389;2172;2200;324;4512
390;2201;2200;322;4523
391;2187;2200;321;4535
392;2151;2200;320;4546
393;2184;2200;321;4557
394;2183;2200;322;4569
395;2164;2200;322;4580
396;2186;2200;321;4591
397;2180;2200;321;4603
398;2178;2200;321;4614
399;2195;2200;320;4626
400;2177;2200;321;4637
401;2176;2200;321;4649
402;2187;2200;321;4661
403;2166;2200;321;4672
404;2175;2200;321;4683
405;2177;2200;320;4695
406;2160;2200;320;4706
407;2175;2200;321;4718
408;2193;2200;321;4729
409;2175;2200;321;4741
410;2202;2200;321;4752
411;2233;2200;320;4764
412;2164;2200;319;4775
413;2182;2200;321;4787
414;2208;2200;322;4798
415;2196;2200;322;4810
416;2209;2200;321;4822
417;2208;2200;319;4833
418;2180;2200;320;4844
419;2206;2200;321;4856
420;2190;2200;322;4867
421;2185;2200;321;4879
422;2211;2200;321;4890
423;2188;2200;319;4901
424;2171;2200;320;4913
425;2200;2200;320;4924
426;2195;2200;321;4935
427;2203;2200;320;4947
428;2194;2200;318;4959
429;2187;2200;318;4970
430;2182;2200;318;4981
431;2210;2200;319;4992
432;2210;2200;319;5004
1;820;2400;270;11
2;2237;2400;266;22
3;2441;2400;269;34
4;2491;2400;266;45
5;2483;2400;256;56
6;2394;2400;245;68
7;2304;2400;241;79
8;2314;2400;247;91
9;2376;2400;255;102
10;2432;2400;261;113
11;2459;2400;261;125
12;2428;2400;255;136
13;2335;2400;253;148
14;2291;2400;256;160
15;2348;2400;265;171
16;2450;2400;271;183
17;2467;2400;272;194
18;2425;2400;268;206
19;2416;2400;266;217
20;2309;2400;268;229
21;2344;2400;276;240
22;2411;2400;281;252
23;2455;2400;283;263
24;2462;2400;281;274
25;2337;2400;279;287
26;2323;2400;282;298
27;2341;2400;288;310
28;2451;2400;292;321
29;2411;2400;295;333
30;2411;2400;294;344
31;2392;2400;293;355
32;2367;2400;295;367
33;2337;2400;300;379
34;2379;2400;304;390
35;2424;2400;307;401
36;2405;2400;306;418
37;2354;2400;306;430
38;2381;2400;311;445
39;2368;2400;314;457
40;2407;2400;317;468
41;2443;2400;317;480
42;2373;2400;318;491
43;2384;2400;319;503
44;2404;2400;321;515
45;2368;2400;327;526
46;2413;2400;328;541
47;2415;2400;328;553
48;2378;2400;328;564
49;2348;2400;330;576
50;2372;2400;333;587
51;2408;2400;337;599
52;2416;2400;338;610
53;2404;2400;339;622
54;2383;2400;337;633
55;2371;2400;339;645
56;2349;2400;342;656
57;2402;2400;345;668
58;2402;2400;347;680
59;2432;2400;346;691
60;2368;2400;348;703
61;2372;2400;349;714
62;2374;2400;351;726
63;2395;2400;354;737
64;2392;2400;357;759
65;2392;2400;357;771
66;2366;2400;359;784
67;2394;2400;361;796
68;2380;2400;362;807
69;2390;2400;364;818
70;2371;2400;364;830
71;2357;2400;366;841
72;2393;2400;367;856
73;2374;2400;370;868
74;2412;2400;372;879
75;2426;2400;373;891
76;2366;2400;374;902
77;2389;2400;375;914
78;2374;2400;379;926
79;2404;2400;380;937
80;2386;2400;380;949
81;2396;2400;380;961
82;2440;2400;382;972
83;2384;2400;384;984
84;2380;2400;386;995
85;2393;2400;387;1007
86;2384;2400;387;1018
87;2376;2400;389;1030
88;2402;2400;390;1042
89;2358;2400;392;1053
90;2383;2400;393;1065
91;2397;2400;394;1076
92;2407;2400;394;1088
93;2376;2400;395;1099
94;2429;2400;396;1111
95;2417;2400;398;1122
96;2372;2400;401;1134
97;2403;2400;402;1146
98;2406;2400;402;1157
99;2373;2400;401;1169
100;2349;2400;404;1180
101;2425;2400;407;1192
102;2419;2400;409;1204
103;2387;2400;408;1215
104;2372;2400;408;1227
105;2406;2400;409;1238
106;2367;2400;411;1250
107;2378;2400;414;1262
108;2407;2400;415;1273
109;2394;2400;414;1285
110;2389;2400;415;1297
111;2440;2400;415;1308
112;2369;2400;418;1320
113;2391;2400;420;1331
114;2417;2400;422;1343
115;2402;2400;421;1355
116;2412;2400;423;1367
117;2374;2400;424;1378
118;2401;2400;426;1390
119;2379;2400;427;1401
120;2447;2400;428;1413
121;2396;2400;429;1425
122;2384;2400;430;1436
123;2376;2400;432;1448
124;2377;2400;435;1459
125;2393;2400;435;1471
126;2410;2400;436;1482
127;2453;2400;437;1494
128;2372;2400;438;1506
129;2393;2400;440;1518
130;2388;2400;441;1530
131;2384;2400;441;1542
132;2376;2400;442;1554
133;2376;2400;442;1567
134;2382;2400;445;1579
135;2412;2400;446;1591
136;2384;2400;448;1602
137;2396;2400;449;1613
138;2381;2400;450;1624
139;2386;2400;449;1635
140;2406;2400;450;1647
141;2391;2400;452;1657
142;2371;2400;454;1668
143;2382;2400;454;1679
144;2403;2400;455;1690
145;2400;2400;455;1702
146;2427;2400;456;1713
147;2369;2400;456;1724
148;2380;2400;459;1736
149;2388;2400;460;1748
150;2388;2400;460;1759
151;2400;2400;461;1770
152;2386;2400;461;1781
153;2367;2400;462;1792
154;2409;2400;463;1804
155;2360;2400;466;1814
156;2402;2400;467;1825
157;2402;2400;467;1837
158;2408;2400;466;1848
159;2389;2400;467;1858
160;2391;2400;470;1870
161;2360;2400;472;1880
162;2376;2400;475;1891
163;2387;2400;476;1902
164;2431;2400;475;1913
165;2369;2400;476;1924
166;2370;2400;476;1935
167;2405;2400;478;1946
168;2403;2400;480;1958
169;2417;2400;480;1969
170;2446;2400;479;1980
171;2419;2400;479;1991
172;2416;2400;480;2002
173;2388;2400;482;2013
174;2420;2400;485;2025
175;2411;2400;486;2036
176;2399;2400;486;2046
177;2379;2400;486;2058
178;2376;2400;487;2068
179;2375;2400;489;2079
180;2389;2400;491;2091
181;2399;2400;491;2102
182;2386;2400;492;2113
183;2397;2400;491;2124
184;2396;2400;490;2135
185;2369;2400;492;2147
186;2376;2400;495;2158
187;2412;2400;498;2168
188;2437;2400;497;2180
189;2456;2400;497;2191
190;2419;2400;496;2202
191;2387;2400;497;2213
192;2391;2400;499;2224
193;2384;2400;501;2235
194;2391;2400;503;2246
195;2385;2400;503;2258
196;2413;2400;503;2270
197;2406;2400;503;2282
198;2378;2400;503;2294
199;2374;2400;506;2306
200;2385;2400;508;2318
201;2387;2400;509;2330
202;2442;2400;509;2342
203;2390;2400;508;2354
204;2363;2400;509;2366
205;2382;2400;508;2377
206;2414;2400;509;2389
207;2441;2400;510;2401
208;2367;2400;509;2413
209;2373;2400;511;2424
210;2415;2400;512;2436
211;2382;2400;514;2448
212;2430;2400;514;2459
213;2420;2400;515;2471
214;2376;2400;516;2483
215;2397;2400;516;2495
216;2379;2400;517;2508
217;2424;2400;518;2520
218;2438;2400;518;2533
219;2392;2400;518;2545
220;2375;2400;518;2556
221;2414;2400;518;2568
222;2385;2400;520;2580
223;2374;2400;522;2591
224;2411;2400;522;2604
225;2381;2400;522;2616
226;2411;2400;523;2627
227;2382;2400;524;2639
228;2359;2400;525;2650
229;2403;2400;526;2662
230;2412;2400;527;2673
231;2380;2400;526;2685
232;2381;2400;527;2697
233;2386;2400;528;2709
234;2435;2400;530;2720
235;2393;2400;532;2732
236;2391;2400;531;2743
237;2419;2400;530;2755
238;2373;2400;530;2767
239;2377;2400;532;2779
240;2389;2400;533;2791
241;2423;2400;533;2803
242;2383;2400;533;2814
243;2400;2400;534;2827
244;2384;2400;535;2838
245;2388;2400;537;2850
246;2383;2400;537;2862
247;2440;2400;537;2873
248;2376;2400;538;2885
249;2406;2400;538;2897
250;2417;2400;539;2908
251;2380;2400;539;2920
252;2405;2400;540;2931
253;2393;2400;538;2943
254;2372;2400;538;2955
255;2350;2400;539;2967
256;2423;2400;540;2979
257;2396;2400;542;2991
258;2401;2400;542;3003
259;2398;2400;542;3015
260;2365;2400;543;3027
261;2403;2400;544;3039
262;2392;2400;546;3051
263;2404;2400;547;3063
264;2436;2400;548;3074
265;2369;2400;549;3086
266;2373;2400;549;3097
267;2380;2400;550;3110
268;2387;2400;551;3121
269;2378;2400;551;3133
270;2401;2400;552;3145
271;2396;2400;553;3157
272;2379;2400;554;3169
273;2395;2400;555;3181
274;2425;2400;556;3193
275;2374;2400;555;3205
276;2394;2400;557;3217
277;2372;2400;560;3229
278;2424;2400;563;3241
279;2396;2400;563;3253
280;2440;2400;563;3265
281;2402;2400;562;3277
282;2373;2400;563;3289
283;2393;2400;563;3302
284;2366;2400;565;3314
285;2401;2400;567;3326
286;2408;2400;567;3338
287;2365;2400;567;3350
288;2431;2400;567;3362
289;2371;2400;568;3374
290;2372;2400;571;3385
291;2369;2400;572;3397
292;2414;2400;572;3409
293;2409;2400;572;3420
294;2376;2400;573;3432
295;2404;2400;573;3444
296;2390;2400;575;3456
297;2395;2400;575;3468
298;2387;2400;575;3480
299;2374;2400;575;3492
300;2400;2400;576;3504
301;2395;2400;577;3516
302;2406;2400;578;3528
303;2390;2400;578;3540
304;2380;2400;578;3552
305;2372;2400;579;3564
306;2381;2400;580;3576
307;2399;2400;582;3588
308;2395;2400;583;3600
309;2425;2400;585;3613
310;2421;2400;583;3625
311;2374;2400;583;3637
312;2366;2400;584;3649
313;2352;2400;585;3661
314;2414;2400;587;3673
315;2398;2400;587;3684
316;2410;2400;588;3697
317;2372;2400;587;3708
318;2365;2400;588;3720
319;2374;2400;590;3732
320;2401;2400;593;3743
321;2454;2400;594;3756
322;2403;2400;593;3767
323;2449;2400;593;3779
324;2363;2400;591;3791
325;2369;2400;593;3803
326;2386;2400;596;3814
327;2395;2400;597;3826
328;2419;2400;598;3838
329;2400;2400;599;3849
330;2427;2400;598;3861
331;2374;2400;599;3873
332;2395;2400;600;3885
333;2383;2400;601;3897
334;2384;2400;601;3909
335;2383;2400;599;3921
336;2352;2400;600;3933
337;2356;2400;601;3944
338;2376;2400;602;3957
339;2398;2400;603;3969
340;2372;2400;603;3981
341;2404;2400;601;3993
342;2422;2400;602;4005
343;2408;2400;603;4017
344;2409;2400;603;4029
345;2409;2400;604;4040
346;2408;2400;604;4053
347;2406;2400;605;4064
348;2397;2400;605;4076
349;2409;2400;605;4088
350;2397;2400;606;4100
351;2400;2400;606;4112
352;2401;2400;606;4124
353;2401;2400;606;4136
354;2381;2400;607;4148
355;2409;2400;608;4160
356;2406;2400;609;4172
357;2390;2400;609;4184
358;2397;2400;610;4195
359;2392;2400;610;4208
360;2407;2400;609;4220
361;2415;2400;610;4232
362;2416;2400;611;4244
363;2392;2400;611;4256
364;2401;2400;611;4268
365;2443;2400;611;4280
366;2406;2400;611;4292
367;2366;2400;612;4304
368;2380;2400;613;4316
369;2371;2400;615;4328
370;2403;2400;614;4341
371;2379;2400;615;4353
372;2392;2400;616;4365
373;2401;2400;617;4377
374;2409;2400;618;4389
375;2409;2400;618;4401
376;2400;2400;618;4413
377;2390;2400;618;4425
378;2377;2400;620;4437
379;2386;2400;620;4449
380;2377;2400;621;4460
381;2381;2400;621;4473
382;2369;2400;620;4484
383;2413;2400;622;4496
384;2386;2400;622;4508
385;2401;2400;624;4520
386;2385;2400;625;4533
387;2384;2400;624;4545
388;2387;2400;624;4557
389;2388;2400;623;4569
390;2356;2400;622;4581
391;2435;2400;623;4593
392;2399;2400;623;4605
393;2389;2400;624;4616
394;2368;2400;625;4629
395;2367;2400;625;4641
396;2407;2400;626;4654
397;2400;2400;627;4666
398;2389;2400;627;4677
399;2393;2400;629;4689
400;2419;2400;628;4701
401;2402;2400;629;4713
402;2391;2400;629;4725
403;2375;2400;628;4737
404;2381;2400;629;4748
405;2403;2400;630;4761
406;2403;2400;629;4773
407;2413;2400;629;4784
408;2388;2400;628;4796
409;2367;2400;631;4808
410;2401;2400;633;4820
411;2413;2400;634;4832
412;2397;2400;634;4843
413;2412;2400;634;4855
414;2407;2400;634;4867
415;2394;2400;635;4879
416;2427;2400;635;4891
417;2394;2400;635;4903
418;2381;2400;634;4915
419;2396;2400;633;4928
420;2398;2400;634;4939
421;2367;2400;636;4952
422;2419;2400;637;4964
423;2408;2400;638;4976
424;2421;2400;637;4989
425;2391;2400;636;5000
1;865;2600;576;12
2;2412;2600;575;23
3;2584;2600;580;35
4;2663;2600;577;47
5;2719;2600;564;59
6;2577;2600;551;71
7;2521;2600;545;82
8;2480;2600;552;94
9;2493;2600;564;106
10;2616;2600;575;118
11;2708;2600;573;132
12;2686;2600;563;144
13;2539;2600;557;156
14;2473;2600;561;168
15;2497;2600;572;180
16;2587;2600;581;192
17;2704;2600;581;204
18;2657;2600;573;215
19;2555;2600;570;229
20;2487;2600;575;240
21;2537;2600;585;252
22;2657;2600;592;265
23;2617;2600;593;276
24;2604;2600;587;289
25;2584;2600;586;300
26;2523;2600;590;312
27;2564;2600;597;324
28;2597;2600;602;336
29;2639;2600;602;348
30;2605;2600;600;360
31;2584;2600;600;373
32;2535;2600;604;385
33;2562;2600;611;397
34;2590;2600;615;409
35;2593;2600;613;421
36;2565;2600;612;433
37;2565;2600;614;445
38;2549;2600;619;457
39;2568;2600;624;469
40;2642;2600;626;481
41;2649;2600;625;493
42;2580;2600;624;504
43;2527;2600;625;517
44;2546;2600;631;528
45;2579;2600;634;541
46;2595;2600;635;554
47;2591;2600;635;566
48;2568;2600;634;578
49;2554;2600;639;590
50;2551;2600;644;602
51;2612;2600;647;614
52;2617;2600;648;626
53;2613;2600;645;638
54;2541;2600;647;650
55;2562;2600;651;662
56;2570;2600;656;674
57;2581;2600;658;686
58;2626;2600;657;697
59;2577;2600;658;709
60;2554;2600;660;721
61;2535;2600;664;732
62;2600;2600;667;744
63;2614;2600;668;756
64;2594;2600;668;768
65;2576;2600;668;780
66;2598;2600;669;791
67;2573;2600;673;803
68;2621;2600;675;815
69;2568;2600;677;827
70;2619;2600;678;839
71;2550;2600;678;851
72;2581;2600;681;863
73;2612;2600;683;875
74;2595;2600;685;887
75;2589;2600;686;899
76;2614;2600;687;911
77;2554;2600;689;922
78;2560;2600;691;935
79;2580;2600;693;946
80;2562;2600;695;958
81;2569;2600;696;970
82;2550;2600;697;982
83;2608;2600;699;994
84;2595;2600;701;1006
85;2587;2600;703;1018
86;2590;2600;706;1030
87;2572;2600;708;1042
88;2565;2600;709;1054
89;2567;2600;710;1066
90;2582;2600;710;1078
91;2561;2600;714;1090
92;2598;2600;715;1102
93;2584;2600;718;1113
94;2616;2600;720;1125
95;2584;2600;720;1137
96;2574;2600;722;1149
97;2560;2600;724;1161
98;2600;2600;727;1172
99;2608;2600;729;1184
100;2591;2600;731;1196
101;2595;2600;731;1208
102;2587;2600;733;1222
103;2573;2600;735;1234
104;2616;2600;736;1246
105;2583;2600;740;1258
106;2586;2600;741;1270
107;2601;2600;744;1282
108;2599;2600;744;1294
109;2577;2600;745;1306
110;2552;2600;747;1317
111;2576;2600;749;1329
112;2583;2600;752;1340
113;2598;2600;753;1352
114;2597;2600;754;1364
115;2583;2600;754;1375
116;2574;2600;757;1388
117;2614;2600;759;1400
118;2578;2600;761;1411
119;2567;2600;762;1423
120;2562;2600;763;1435
121;2554;2600;766;1446
122;2584;2600;765;1458
123;2574;2600;765;1470
124;2559;2600;766;1482
125;2562;2600;768;1494
126;2539;2600;770;1505
127;2574;2600;775;1517
128;2584;2600;775;1529
129;2574;2600;775;1541
130;2577;2600;775;1552
131;2555;2600;776;1564
132;2555;2600;780;1576
133;2576;2600;783;1587
134;2606;2600;783;1599
135;2567;2600;783;1611
136;2557;2600;783;1622
137;2571;2600;784;1634
138;2581;2600;787;1647
139;2618;2600;789;1658
140;2569;2600;793;1670
141;2613;2600;793;1682
142;2599;2600;794;1694
143;2596;2600;794;1705
144;2578;2600;795;1717
145;2588;2600;796;1729
146;2555;2600;798;1741
147;2578;2600;801;1752
148;2565;2600;803;1764
149;2611;2600;801;1775
150;2633;2600;801;1787
151;2564;2600;802;1799
152;2548;2600;805;1811
153;2559;2600;809;1823
154;2627;2600;809;1835
155;2620;2600;808;1846
156;2623;2600;805;1858
157;2563;2600;807;1870
158;2583;2600;811;1882
159;2616;2600;816;1894
160;2619;2600;816;1906
161;2669;2600;816;1918
162;2607;2600;815;1930
163;2579;2600;816;1942
164;2567;2600;820;1954
165;2576;2600;822;1966
166;2629;2600;824;1978
167;2573;2600;822;1989
168;2592;2600;821;2002
169;2542;2600;823;2013
170;2550;2600;826;2025
171;2566;2600;830;2038
172;2600;2600;834;2049
173;2614;2600;835;2063
174;2568;2600;833;2075
175;2590;2600;833;2086
176;2556;2600;834;2099
177;2554;2600;837;2110
178;2560;2600;840;2122
179;2600;2600;842;2134
180;2614;2600;842;2146
181;2608;2600;842;2158
182;2565;2600;842;2170
183;2564;2600;845;2181
184;2560;2600;847;2193
185;2601;2600;849;2205
186;2627;2600;848;2217
187;2602;2600;848;2230
188;2596;2600;847;2243
189;2572;2600;849;2256
190;2554;2600;851;2268
191;2637;2600;853;2280
192;2590;2600;855;2293
193;2561;2600;856;2304
194;2623;2600;858;2316
195;2593;2600;857;2328
196;2591;2600;858;2340
197;2579;2600;859;2352
198;2570;2600;861;2364
199;2568;2600;863;2376
200;2563;2600;864;2388
201;2614;2600;866;2400
202;2560;2600;866;2412
203;2589;2600;865;2424
204;2544;2600;865;2435
205;2578;2600;866;2447
206;2576;2600;869;2459
207;2589;2600;872;2471
208;2586;2600;873;2483
209;2619;2600;871;2494
210;2560;2600;871;2506
211;2557;2600;872;2518
212;2575;2600;876;2530
213;2550;2600;878;2541
214;2594;2600;879;2553
215;2676;2600;879;2565
216;2626;2600;878;2577
217;2588;2600;878;2589
218;2534;2600;881;2601
219;2573;2600;883;2614
220;2590;2600;884;2625
221;2636;2600;885;2637
222;2639;2600;885;2649
223;2588;2600;884;2661
224;2564;2600;886;2673
225;2544;2600;889;2686
226;2596;2600;891;2697
227;2599;2600;891;2709
228;2578;2600;890;2720
229;2586;2600;891;2732
230;2564;2600;894;2743
231;2577;2600;896;2755
232;2563;2600;897;2767
233;2596;2600;897;2778
234;2639;2600;896;2790
235;2588;2600;896;2802
236;2591;2600;898;2814
237;2552;2600;901;2825
238;2583;2600;905;2837
239;2583;2600;905;2849
240;2650;2600;905;2860
241;2602;2600;905;2872
242;2561;2600;905;2884
243;2566;2600;908;2896
244;2572;2600;911;2908
245;2592;2600;914;2920
246;2615;2600;914;2932
247;2603;2600;912;2944
248;2584;2600;914;2955
249;2592;2600;915;2967
250;2582;2600;917;2979
251;2608;2600;918;2991
252;2598;2600;919;3003
253;2582;2600;917;3015
254;2589;2600;918;3027
255;2560;2600;919;3039
256;2574;2600;922;3051
257;2588;2600;924;3062
258;2592;2600;923;3075
259;2604;2600;923;3087
260;2564;2600;923;3098
261;2595;2600;924;3110
262;2606;2600;927;3122
263;2564;2600;931;3134
264;2579;2600;932;3145
265;2576;2600;932;3157
266;2553;2600;932;3169
267;2599;2600;934;3181
268;2571;2600;935;3192
269;2616;2600;934;3205
270;2580;2600;935;3216
271;2564;2600;937;3229
272;2583;2600;940;3242
273;2597;2600;941;3253
274;2645;2600;941;3266
275;2624;2600;940;3277
276;2574;2600;939;3289
277;2541;2600;941;3301
278;2558;2600;943;3313
279;2596;2600;945;3325
280;2587;2600;943;3337
281;2562;2600;942;3348
282;2549;2600;946;3361
283;2556;2600;948;3372
284;2615;2600;950;3384
285;2594;2600;949;3397
286;2576;2600;947;3408
287;2569;2600;947;3420
288;2558;2600;949;3433
289;2571;2600;954;3444
290;2618;2600;956;3457
291;2610;2600;958;3468
292;2612;2600;955;3480
293;2617;2600;955;3493
294;2584;2600;955;3504
295;2555;2600;957;3516
296;2557;2600;959;3528
297;2575;2600;960;3540
298;2655;2600;961;3552
299;2623;2600;960;3564
300;2575;2600;962;3577
301;2548;2600;964;3589
302;2585;2600;964;3601
303;2630;2600;966;3613
304;2568;2600;964;3625
305;2582;2600;964;3636
306;2568;2600;966;3649
307;2534;2600;968;3660
308;2590;2600;970;3672
309;2597;2600;970;3685
310;2616;2600;967;3697
311;2586;2600;967;3709
312;2548;2600;968;3721
313;2564;2600;971;3733
314;2594;2600;973;3745
315;2599;2600;974;3757
316;2593;2600;972;3768
317;2589;2600;972;3781
318;2580;2600;974;3793
319;2523;2600;978;3804
320;2599;2600;979;3816
321;2627;2600;977;3828
322;2604;2600;975;3840
323;2569;2600;974;3852
324;2584;2600;978;3864
325;2538;2600;983;3876
326;2587;2600;985;3888
327;2649;2600;984;3900
328;2621;2600;981;3912
329;2558;2600;981;3924
330;2558;2600;983;3936
331;2588;2600;985;3948
332;2584;2600;987;3960
333;2638;2600;984;3972
334;2552;2600;984;3984
335;2569;2600;986;3996
336;2549;2600;988;4008
337;2601;2600;989;4020
338;2571;2600;989;4032
339;2599;2600;988;4044
340;2626;2600;988;4055
341;2561;2600;989;4067
342;2598;2600;991;4080
343;2568;2600;992;4092
344;2622;2600;993;4104
345;2631;2600;992;4116
346;2576;2600;992;4127
347;2563;2600;992;4139
348;2554;2600;993;4151
349;2599;2600;996;4163
350;2573;2600;996;4175
351;2598;2600;997;4186
352;2590;2600;995;4198
353;2578;2600;993;4210
354;2532;2600;996;4222
355;2547;2600;1000;4235
356;2577;2600;1005;4247
357;2614;2600;1006;4259
358;2604;2600;1003;4271
359;2614;2600;999;4283
360;2532;2600;998;4295
361;2549;2600;1002;4306
362;2568;2600;1005;4318
363;2610;2600;1007;4330
364;2598;2600;1006;4342
365;2624;2600;1002;4353
366;2612;2600;1003;4365
367;2536;2600;1005;4377
368;2561;2600;1009;4389
369;2622;2600;1010;4400
370;2596;2600;1007;4412
371;2616;2600;1004;4425
372;2509;2600;1005;4436
373;2535;2600;1010;4448
374;2582;2600;1015;4460
375;2605;2600;1014;4472
376;2605;2600;1012;4484
377;2604;2600;1008;4496
378;2570;2600;1008;4507
379;2535;2600;1012;4519
380;2556;2600;1016;4531
381;2624;2600;1018;4543
382;2652;2600;1015;4555
383;2585;2600;1011;4567
384;2550;2600;1010;4579
385;2581;2600;1013;4591
386;2554;2600;1018;4603
387;2606;2600;1019;4615
388;2613;2600;1016;4627
389;2573;2600;1015;4638
390;2569;2600;1016;4650
391;2558;2600;1021;4662
392;2571;2600;1024;4674
393;2607;2600;1022;4687
394;2627;2600;1020;4698
395;2592;2600;1017;4710
396;2542;2600;1020;4722
397;2539;2600;1025;4734
398;2588;2600;1027;4746
399;2598;2600;1028;4758
400;2630;2600;1026;4769
401;2603;2600;1026;4781
402;2561;2600;1026;4793
403;2580;2600;1026;4805
404;2588;2600;1029;4817
405;2567;2600;1032;4829
406;2578;2600;1034;4841
407;2619;2600;1032;4853
408;2618;2600;1031;4864
409;2560;2600;1031;4876
410;2607;2600;1032;4888
411;2576;2600;1033;4900
412;2609;2600;1035;4912
413;2603;2600;1036;4924
414;2614;2600;1036;4936
415;2559;2600;1036;4948
416;2572;2600;1037;4959
417;2603;2600;1038;4972
418;2623;2600;1037;4983
419;2598;2600;1036;4995
420;2580;2600;1037;5007
1;963;2800;975;12
2;2576;2800;973;24
3;2713;2800;977;34
4;2874;2800;978;46
5;2934;2800;968;57
6;2879;2800;953;67
7;2724;2800;942;78
8;2694;2800;942;89
9;2735;2800;950;100
10;2738;2800;963;112
11;2841;2800;972;123
12;2941;2800;970;133
13;2836;2800;958;147
14;2703;2800;955;158
15;2660;2800;959;169
16;2666;2800;969;180
17;2743;2800;980;191
18;2910;2800;984;202
19;2862;2800;978;213
20;2857;2800;971;224
21;2692;2800;971;236
22;2749;2800;977;247
23;2743;2800;990;258
24;2843;2800;997;270
25;2855;2800;996;281
26;2863;2800;992;292
27;2728;2800;988;304
28;2693;2800;992;315
29;2742;2800;1000;326
30;2769;2800;1009;337
31;2808;2800;1013;348
32;2812;2800;1012;359
33;2841;2800;1008;371
34;2797;2800;1006;382
35;2746;2800;1011;393
36;2754;2800;1017;404
37;2744;2800;1025;415
38;2836;2800;1030;426
39;2822;2800;1030;437
40;2780;2800;1027;448
41;2779;2800;1024;460
42;2755;2800;1026;471
43;2723;2800;1031;482
44;2782;2800;1038;493
45;2831;2800;1041;505
46;2797;2800;1041;516
47;2795;2800;1042;528
48;2813;2800;1041;539
49;2783;2800;1043;550
50;2759;2800;1047;562
51;2782;2800;1050;573
52;2810;2800;1051;584
53;2816;2800;1052;595
54;2758;2800;1054;606
55;2787;2800;1056;618
56;2752;2800;1059;629
57;2783;2800;1063;640
58;2773;2800;1066;651
59;2799;2800;1068;662
60;2783;2800;1067;673
61;2809;2800;1066;684
62;2735;2800;1067;695
63;2754;2800;1071;707
64;2780;2800;1079;718
65;2859;2800;1082;729
66;2813;2800;1083;741
67;2827;2800;1081;752
68;2823;2800;1079;764
69;2745;2800;1081;776
70;2753;2800;1085;787
71;2774;2800;1091;798
72;2812;2800;1094;810
73;2825;2800;1096;821
74;2808;2800;1096;833
75;2782;2800;1096;845
76;2766;2800;1096;857
77;2776;2800;1098;869
78;2791;2800;1103;881
79;2782;2800;1106;893
80;2801;2800;1107;905
81;2820;2800;1109;917
82;2804;2800;1110;929
83;2783;2800;1111;941
84;2809;2800;1114;953
85;2802;2800;1117;965
86;2787;2800;1119;977
87;2820;2800;1122;989
88;2772;2800;1124;1001
89;2775;2800;1127;1014
90;2792;2800;1128;1026
91;2790;2800;1130;1038
92;2784;2800;1132;1049
93;2757;2800;1136;1061
94;2801;2800;1138;1073
95;2772;2800;1140;1085
96;2799;2800;1142;1097
97;2780;2800;1144;1109
98;2822;2800;1145;1121
99;2796;2800;1148;1133
100;2787;2800;1150;1146
101;2799;2800;1151;1159
102;2782;2800;1154;1171
103;2771;2800;1156;1183
104;2819;2800;1157;1195
105;2762;2800;1157;1207
106;2780;2800;1161;1218
107;2779;2800;1161;1231
108;2773;2800;1164;1242
109;2801;2800;1166;1254
110;2771;2800;1169;1266
111;2802;2800;1170;1277
112;2811;2800;1170;1289
113;2830;2800;1172;1301
114;2825;2800;1173;1313
115;2782;2800;1175;1325
116;2793;2800;1178;1337
117;2787;2800;1178;1348
118;2844;2800;1179;1361
119;2804;2800;1181;1373
120;2787;2800;1183;1385
121;2785;2800;1185;1397
122;2832;2800;1186;1409
123;2799;2800;1187;1421
124;2796;2800;1188;1433
125;2752;2800;1189;1444
126;2749;2800;1192;1456
127;2793;2800;1193;1468
128;2801;2800;1194;1480
129;2749;2800;1196;1492
130;2788;2800;1199;1503
131;2818;2800;1201;1517
132;2836;2800;1202;1529
133;2824;2800;1203;1540
134;2792;2800;1205;1553
135;2810;2800;1207;1564
136;2797;2800;1210;1576
137;2839;2800;1213;1589
138;2808;2800;1214;1600
139;2772;2800;1213;1613
140;2785;2800;1214;1625
141;2793;2800;1217;1636
142;2757;2800;1220;1649
143;2851;2800;1223;1660
144;2805;2800;1224;1672
145;2815;2800;1224;1684
146;2835;2800;1222;1696
147;2788;2800;1222;1708
148;2756;2800;1227;1720
149;2776;2800;1232;1731
150;2782;2800;1235;1744
151;2810;2800;1234;1755
152;2781;2800;1233;1767
153;2745;2800;1235;1779
154;2809;2800;1238;1791
155;2780;2800;1241;1803
156;2812;2800;1242;1815
157;2784;2800;1242;1826
158;2807;2800;1243;1840
159;2779;2800;1242;1852
160;2803;2800;1246;1863
161;2742;2800;1247;1876
162;2775;2800;1250;1887
163;2801;2800;1250;1899
164;2822;2800;1251;1911
165;2810;2800;1250;1923
166;2793;2800;1249;1935
167;2735;2800;1250;1947
168;2745;2800;1253;1958
169;2794;2800;1256;1971
170;2826;2800;1259;1982
171;2815;2800;1259;1994
172;2866;2800;1257;2006
173;2779;2800;1259;2020
174;2760;2800;1262;2032
175;2754;2800;1266;2044
176;2776;2800;1269;2055
177;2801;2800;1271;2067
178;2829;2800;1271;2079
179;2770;2800;1270;2091
180;2799;2800;1272;2104
181;2765;2800;1273;2115
182;2789;2800;1276;2127
183;2827;2800;1278;2139
184;2771;2800;1279;2151
185;2794;2800;1280;2165
186;2797;2800;1282;2177
187;2830;2800;1282;2189
188;2777;2800;1283;2201
189;2805;2800;1285;2213
190;2798;2800;1287;2225
191;2794;2800;1288;2236
192;2844;2800;1289;2248
193;2801;2800;1291;2260
194;2821;2800;1291;2271
195;2773;2800;1295;2284
196;2818;2800;1296;2295
197;2799;2800;1298;2306
198;2817;2800;1297;2318
199;2732;2800;1297;2330
200;2791;2800;1301;2342
201;2777;2800;1306;2355
202;2837;2800;1309;2366
203;2820;2800;1308;2378
204;2820;2800;1305;2390
205;2768;2800;1304;2402
206;2779;2800;1307;2414
207;2780;2800;1311;2426
208;2760;2800;1314;2437
209;2832;2800;1315;2450
210;2831;2800;1312;2462
211;2783;2800;1311;2473
212;2736;2800;1313;2486
213;2765;2800;1317;2497
214;2815;2800;1322;2510
215;2810;2800;1322;2522
216;2771;2800;1322;2534
217;2793;2800;1321;2546
218;2780;2800;1322;2558
219;2767;2800;1327;2570
220;2785;2800;1329;2582
221;2819;2800;1331;2593
222;2786;2800;1330;2605
223;2806;2800;1329;2617
224;2719;2800;1330;2629
225;2736;2800;1335;2641
226;2804;2800;1339;2653
227;2819;2800;1340;2664
228;2844;2800;1340;2676
229;2769;2800;1336;2688
230;2784;2800;1336;2700
231;2762;2800;1341;2712
232;2737;2800;1345;2723
233;2800;2800;1347;2735
234;2770;2800;1347;2747
235;2795;2800;1348;2759
236;2799;2800;1348;2771
237;2762;2800;1350;2783
238;2770;2800;1356;2795
239;2749;2800;1359;2807
240;2844;2800;1361;2819
241;2836;2800;1360;2830
242;2793;2800;1357;2843
243;2787;2800;1356;2854
244;2769;2800;1360;2866
245;2778;2800;1364;2878
246;2811;2800;1368;2890
247;2850;2800;1367;2902
248;2839;2800;1361;2914
249;2778;2800;1359;2926
250;2748;2800;1362;2938
251;2748;2800;1369;2950
252;2784;2800;1373;2961
253;2834;2800;1372;2974
254;2818;2800;1369;2985
255;2763;2800;1368;2997
256;2718;2800;1370;3009
257;2754;2800;1377;3021
258;2834;2800;1380;3035
259;2844;2800;1379;3047
260;2796;2800;1375;3059
261;2771;2800;1375;3072
262;2706;2800;1379;3084
263;2748;2800;1386;3096
264;2833;2800;1390;3109
265;2871;2800;1388;3120
266;2836;2800;1383;3133
267;2762;2800;1382;3144
268;2719;2800;1385;3155
269;2768;2800;1391;3167
270;2797;2800;1395;3177
271;2874;2800;1393;3189
272;2844;2800;1389;3200
273;2770;2800;1388;3211
274;2723;2800;1389;3222
275;2740;2800;1397;3234
276;2756;2800;1403;3246
277;2798;2800;1405;3257
278;2882;2800;1401;3268
279;2813;2800;1396;3279
280;2711;2800;1396;3291
281;2731;2800;1401;3303
282;2785;2800;1406;3314
283;2817;2800;1410;3325
284;2816;2800;1407;3336
285;2832;2800;1404;3348
286;2788;2800;1402;3359
287;2786;2800;1403;3370
288;2763;2800;1407;3380
289;2781;2800;1411;3392
290;2852;2800;1413;3402
291;2798;2800;1410;3414
292;2795;2800;1410;3425
293;2756;2800;1411;3435
294;2774;2800;1414;3446
295;2764;2800;1416;3458
296;2806;2800;1418;3468
297;2814;2800;1419;3480
298;2871;2800;1418;3490
299;2775;2800;1417;3501
300;2749;2800;1417;3512
301;2776;2800;1424;3523
302;2792;2800;1427;3534
303;2792;2800;1426;3546
304;2812;2800;1425;3556
305;2752;2800;1425;3567
306;2764;2800;1427;3578
307;2763;2800;1431;3589
308;2793;2800;1434;3600
309;2869;2800;1431;3611
310;2819;2800;1428;3622
311;2806;2800;1427;3633
312;2749;2800;1430;3644
313;2729;2800;1437;3655
314;2762;2800;1439;3666
315;2816;2800;1438;3678
316;2832;2800;1433;3688
317;2741;2800;1431;3700
318;2767;2800;1434;3711
319;2748;2800;1437;3722
320;2810;2800;1443;3733
321;2807;2800;1444;3744
322;2825;2800;1440;3754
323;2805;2800;1439;3766
324;2719;2800;1440;3777
325;2730;2800;1446;3788
326;2775;2800;1451;3799
327;2854;2800;1449;3810
328;2858;2800;1444;3820
329;2771;2800;1442;3832
330;2775;2800;1442;3842
331;2754;2800;1449;3855
332;2793;2800;1455;3867
333;2840;2800;1454;3879
334;2888;2800;1450;3891
335;2762;2800;1445;3903
336;2734;2800;1447;3915
337;2753;2800;1453;3928
338;2796;2800;1459;3940
339;2815;2800;1460;3952
340;2852;2800;1456;3964
341;2774;2800;1452;3975
342;2771;2800;1455;3987
343;2736;2800;1460;3999
344;2787;2800;1465;4011
345;2835;2800;1465;4023
346;2823;2800;1461;4036
347;2746;2800;1458;4048
348;2759;2800;1460;4060
349;2715;2800;1465;4071
350;2818;2800;1466;4083
351;2815;2800;1464;4096
352;2829;2800;1463;4108
353;2737;2800;1462;4120
354;2754;2800;1466;4132
355;2749;2800;1470;4143
356;2809;2800;1472;4156
357;2815;2800;1473;4168
358;2808;2800;1470;4181
359;2792;2800;1468;4193
360;2792;2800;1471;4204
361;2789;2800;1475;4216
362;2803;2800;1476;4228
363;2821;2800;1473;4240
364;2785;2800;1473;4252
365;2782;2800;1473;4264
366;2778;2800;1475;4276
367;2847;2800;1476;4288
368;2820;2800;1476;4299
369;2819;2800;1477;4312
370;2765;2800;1476;4324
371;2796;2800;1474;4335
372;2780;2800;1476;4348
373;2763;2800;1476;4359
374;2762;2800;1480;4371
375;2834;2800;1482;4383
376;2777;2800;1480;4395
377;2834;2800;1481;4407
378;2800;2800;1481;4419
379;2772;2800;1484;4431
380;2769;2800;1486;4443
381;2758;2800;1489;4455
382;2837;2800;1491;4466
383;2819;2800;1487;4479
384;2799;2800;1483;4490
385;2789;2800;1484;4502
386;2740;2800;1487;4514
387;2798;2800;1492;4526
388;2836;2800;1491;4538
389;2858;2800;1487;4550
390;2807;2800;1483;4562
391;2739;2800;1486;4574
392;2756;2800;1492;4586
393;2788;2800;1499;4598
394;2880;2800;1500;4611
395;2858;2800;1493;4622
396;2745;2800;1485;4634
397;2756;2800;1487;4646
398;2744;2800;1494;4658
399;2774;2800;1502;4670
400;2838;2800;1503;4682
401;2899;2800;1496;4693
402;2808;2800;1488;4706
403;2764;2800;1489;4717
404;2721;2800;1494;4729
405;2761;2800;1501;4741
406;2859;2800;1505;4753
407;2851;2800;1499;4765
408;2770;2800;1497;4777
409;2704;2800;1498;4789
410;2712;2800;1505;4801
411;2832;2800;1508;4812
412;2913;2800;1507;4824
413;2840;2800;1503;4836
414;2798;2800;1501;4849
415;2721;2800;1504;4861
416;2783;2800;1509;4873
417;2806;2800;1514;4884
418;2865;2800;1512;4897
419;2828;2800;1508;4908
420;2712;2800;1506;4920
421;2728;2800;1508;4932
422;2813;2800;1511;4944
423;2875;2800;1514;4956
424;2830;2800;1511;4968
425;2780;2800;1509;4979
426;2775;2800;1508;4991
427;2780;2800;1513;5003
